query,label
Tạo cho tôi 10 câu hỏi về lịch sử Việt Nam,
Sinh câu hỏi trắc nghiệm môn toán lớp 9,
Cho tôi vài câu hỏi về khoa học,
Làm câu hỏi kiểm tra kiến thức tiếng Anh,
Tạo câu hỏi phỏng vấn cho vị trí lập trình viên,
Sinh 5 câu hỏi về văn học Việt Nam,
Đưa ra câu hỏi về địa lý thế giới,
Tạo câu hỏi thi thử THPT quốc gia môn hóa,
Cho tôi câu hỏi về kinh tế vĩ mô,
Sinh câu hỏi ôn tập môn sinh học,
Đánh giá câu trả lời của học sinh,
Kiểm tra câu trả lời này có đúng không,
Chấm điểm câu trả lời,
Xem câu trả lời này được bao nhiêu điểm,
Đánh giá độ chính xác của câu trả lời,
Kiểm tra xem em trả lời đúng chưa,
Chấm bài làm của học sinh,
Review câu trả lời này giúp tôi,
Câu trả lời này có chính xác không,
Đánh giá mức độ hoàn thiện của câu trả lời,
Hôm nay thời tiết thế nào,
Đặt báo thức 7 giờ sáng,
Tìm kiếm nhà hàng gần đây,
Dịch câu này sang tiếng Anh,
Tóm tắt văn bản này,
Giải thích khái niệm này cho tôi,
Kể cho tôi nghe một câu chuyện,
Gợi ý món ăn cho bữa tối,
Tính toán kết quả của phép tính này,
Viết một bài văn về mùa xuân,
Hãy tạo câu hỏi về chiến tranh thế giới thứ 2,
Cho tôi một số câu hỏi liên quan đến marketing,
Sinh câu hỏi kiểm tra về lập trình Python,
Tạo câu hỏi trắc nghiệm môn vật lý,
Đưa ra câu hỏi phỏng vấn cho vị trí marketing,
Làm câu hỏi về âm nhạc cổ điển,
Tạo 3 câu hỏi về môi trường,
Sinh câu hỏi thi cuối kỳ môn triết học,
Cho tôi câu hỏi về nghệ thuật đương đại,
Tạo câu hỏi ôn thi đại học môn lý,
Xem câu trả lời của em đúng không,
Đánh giá bài làm này,
Kiểm tra độ chính xác,
Chấm câu trả lời giúp tôi,
Review câu trả lời xem được mấy điểm,
Đánh giá xem trả lời có logic không,
Kiểm tra câu trả lời có phù hợp không,
Chấm bài kiểm tra này,
Xem câu trả lời này có hay không,
Đánh giá chất lượng câu trả lời,
Bật đèn phòng khách,
Tìm kiếm video về du lịch,
Đặt lịch hẹn ngày mai,
Gửi tin nhắn cho mẹ,
Phát nhạc Sơn Tùng MTP,
Tìm đường đến sân bay,
Tra cứu giá vàng hôm nay,
Kiểm tra số dư tài khoản,
Đặt vé máy bay đi Đà Nẵng,
Tìm công thức nấu phở,
Hãy tạo cho tôi các câu hỏi về công nghệ blockchain,
Sinh câu hỏi kiểm tra về kỹ năng giao tiếp,
Cho tôi câu hỏi về quản trị doanh nghiệp,
Tạo câu hỏi trắc nghiệm môn địa lý,
Đưa ra câu hỏi về tâm lý học,
Làm câu hỏi kiểm tra tiếng Nhật,
Tạo câu hỏi về an ninh mạng,
Sinh câu hỏi thi giữa kỳ môn kinh tế,
Cho tôi câu hỏi về thể thao,
Tạo câu hỏi ôn tập về hóa hữu cơ,
Kiểm tra xem câu trả lời này có sai sót gì không,
Đánh giá câu trả lời về mặt nội dung,
Chấm điểm bài làm này giúp tôi,
Xem câu trả lời có đầy đủ không,
Review độ chính xác của câu trả lời,
Đánh giá xem trả lời có đúng trọng tâm không,
Kiểm tra câu trả lời có thiếu sót gì không,
Chấm bài tập về nhà này,
Xem câu trả lời này có logic không,
Đánh giá mức độ chi tiết của câu trả lời,
Mở ứng dụng Facebook,
Tìm kiếm khách sạn ở Hà Nội,
Đặt báo thức 6h30,
Gọi điện cho bố,
Phát podcast về khởi nghiệp,
Chỉ đường đến bệnh viện,
Tra cứu tỷ giá USD,
Kiểm tra email mới,
Đặt bàn nhà hàng 4 người,
Tìm công thức làm bánh,
Tạo ra câu hỏi về trí tuệ nhân tạo,
Sinh câu hỏi kiểm tra môn lịch sử thế giới,
Cho tôi câu hỏi về kiến trúc,
Tạo câu hỏi trắc nghiệm tiếng Trung,
Đưa ra câu hỏi về y học,
Làm câu hỏi về nhiếp ảnh,
Tạo câu hỏi về luật pháp Việt Nam,
Sinh câu hỏi thi Olympic toán,
Cho tôi câu hỏi về thiên văn học,
Tạo câu hỏi ôn tập môn sinh học 12,
Đánh giá câu trả lời có chuyên nghiệp không,
Kiểm tra câu trả lời có đạt yêu cầu không,
Chấm điểm và nhận xét bài làm,
Xem câu trả lời này được bao nhiêu phần trăm,
Review câu trả lời về mặt hình thức,
Đánh giá xem câu trả lời có sáng tạo không,
Kiểm tra câu trả lời có dễ hiểu không,
Chấm bài kiểm tra 15 phút,
Xem câu trả lời này có ấn tượng không,
Đánh giá tính thuyết phục của câu trả lời,
Tắt điều hòa,
Tìm phim hay trên Netflix,
Đặt hẹn gặp bác sĩ,
Nhắn tin cho anh,
Phát radio VOV,
Dẫn đường về nhà,
Tra giá Bitcoin,
Xem thông báo mới,
Đặt tour du lịch Sapa,
Tìm cách sửa máy tính,
Hãy cho tôi câu hỏi về đạo đức kinh doanh,
Sinh câu hỏi kiểm tra về photoshop,
Cho tôi câu hỏi về văn hóa Nhật Bản,
Tạo câu hỏi trắc nghiệm môn công nghệ,
Đưa ra câu hỏi về dinh dưỡng,
Làm câu hỏi về thiết kế đồ họa,
Tạo câu hỏi về chính trị quốc tế,
Sinh câu hỏi thi HSK tiếng Trung,
Cho tôi câu hỏi về điện ảnh,
Tạo câu hỏi ôn tập về hóa vô cơ,
Kiểm tra câu trả lời có phù hợp với câu hỏi không,
Đánh giá câu trả lời về độ dài,
Chấm điểm bài thi cuối kỳ,
Xem câu trả lời có cần bổ sung gì không,
Review câu trả lời về ngữ pháp,
Đánh giá xem câu trả lời có rõ ràng không,
Kiểm tra câu trả lời có trùng lặp ý không,
Chấm bài tập lớn này,
Xem câu trả lời này đạt tiêu chuẩn chưa,
Đánh giá tính nhất quán của câu trả lời,
Bật quạt,
Tìm tin tức hôm nay,
Lên lịch họp tuần sau,
Gửi email cho sếp,
Phát nhạc thư giãn,
Chỉ đường đến trường học,
Tra giá iPhone 15,
Kiểm tra lịch làm việc,
Đặt vé xem phim,
Tìm bài tập yoga,
Tạo câu hỏi về cách mạng công nghiệp 4.0,
Sinh câu hỏi kiểm tra về Excel,
Cho tôi câu hỏi về âm nhạc dân gian,
Tạo câu hỏi trắc nghiệm môn giáo dục công dân,
Đưa ra câu hỏi về khởi nghiệp,
Làm câu hỏi về văn học thế giới,
Tạo câu hỏi về bảo mật thông tin,
Sinh câu hỏi thi IELTS,
Cho tôi câu hỏi về hội họa,
Tạo câu hỏi ôn tập về vật lý 11,
Đánh giá câu trả lời có trả lời đúng trọng tâm không,
Kiểm tra câu trả lời có nhiều lỗi chính tả không,
Chấm điểm và phân loại học lực,
Xem câu trả lời có cần chỉnh sửa gì không,
Review câu trả lời về mặt ý nghĩa,
Đánh giá xem câu trả lời có thuyết phục không,
Kiểm tra câu trả lời có đủ dài không,
Chấm bài luận văn này,
Xem câu trả lời này có độc đáo không,
Đánh giá độ tin cậy của câu trả lời,
Tắt tivi,
Tìm bài hát theo lời,
Đặt lịch nhắc uống thuốc,
Nhắn Zalo cho chị,
Phát sách nói,
Chỉ đường đến siêu thị,
Tra cứu giá xăng,
Kiểm tra tin nhắn mới,
Đặt vé tàu đi Huế,
Tìm cách giảm cân,
Hãy tạo câu hỏi về marketing online,
Sinh câu hỏi kiểm tra về SQL,
Cho tôi câu hỏi về phong tục Việt Nam,
Tạo câu hỏi trắc nghiệm môn tư tưởng,
Đưa ra câu hỏi về đầu tư chứng khoán,
Làm câu hỏi về điêu khắc,
Tạo câu hỏi về biến đổi khí hậu,
Sinh câu hỏi thi TOEIC,
Cho tôi câu hỏi về âm nhạc hiện đại,
Tạo câu hỏi ôn tập về hóa học 10,
Kiểm tra xem câu trả lời có đạt điểm tối đa không,
Đánh giá câu trả lời về cấu trúc,
Chấm điểm bài thi thử,
Xem câu trả lời có mạch lạc không,
Review câu trả lời về độ chính xác khoa học,
Đánh giá xem câu trả lời có sáng tạo hay không,
Kiểm tra câu trả lời có lỗi logic không,
Chấm bài thực hành này,
Xem câu trả lời này đủ tiêu chuẩn chưa,
Đánh giá tính hợp lý của câu trả lời,
Mở Youtube,
Tìm nhà thuốc gần nhất,
Đặt lịch cắt tóc,
Gọi cho em,
Phát nhạc Kpop,
Dẫn đường đến công ty,
Tra giá vé máy bay,
Xem lịch sử cuộc gọi,
Đặt dịch vụ giặt ủi,
Tìm bài tập gym,
Tạo ra một số câu hỏi về quản lý dự án,
Sinh câu hỏi kiểm tra về HTML CSS,
Cho tôi câu hỏi về ẩm thực Ý,
Tạo câu hỏi trắc nghiệm môn văn học,
Đưa ra câu hỏi về tài chính cá nhân,
Làm câu hỏi về nhiếp ảnh nghệ thuật,
Tạo câu hỏi về năng lượng tái tạo,
Sinh câu hỏi thi đầu vào lớp 10,
Cho tôi câu hỏi về ballet,
Tạo câu hỏi ôn tập về sinh học 11,
Đánh giá câu trả lời có xuất sắc không,
Kiểm tra câu trả lời có sử dụng từ ngữ chính xác không,
Chấm điểm bài kiểm tra giữa kỳ,
Xem câu trả lời có đáp ứng yêu cầu đề bài không,
Review câu trả lời về tính thực tiễn,
Đánh giá xem câu trả lời có dễ nhớ không,
Kiểm tra câu trả lời có thiếu dữ liệu không,
Chấm bài báo cáo này,
Xem câu trả lời này có giá trị không,
Đánh giá độ phức tạp của câu trả lời,
Tắt máy sưởi,
Tìm cửa hàng điện thoại,
Đặt lịch học yoga,
Nhắn tin cho thầy,
Phát nhạc acoustic,
Chỉ đường đến bưu điện,
Tra giá đất Hà Nội,
Kiểm tra thông báo Facebook,
Đặt xe Grab về nhà,
Tìm cách nấu bún chả,
Hãy cho tôi câu hỏi về tâm lý học tội phạm,
Sinh câu hỏi kiểm tra về Java,
Cho tôi câu hỏi về phong cách thời trang,
Tạo câu hỏi trắc nghiệm môn lịch sử Việt Nam,
Đưa ra câu hỏi về logistics,
Làm câu hỏi về thơ ca Việt Nam,
Tạo câu hỏi về công nghệ 5G,
Sinh câu hỏi thi chứng chỉ tin học,
Cho tôi câu hỏi về opera,
Tạo câu hỏi ôn tập về toán học 12,
Kiểm tra câu trả lời có được điểm cao không,
Đánh giá câu trả lời về mặt trình bày,
Chấm điểm và xếp hạng,
Xem câu trả lời có logic chặt chẽ không,
Review câu trả lời về tính sáng tạo,
Đánh giá xem câu trả lời có phù hợp ngữ cảnh không,
Kiểm tra câu trả lời có dư thừa không,
Chấm bài seminar này,
Xem câu trả lời này có chất lượng không,
Đánh giá tính ứng dụng của câu trả lời,
Bật máy lạnh,
Tìm gym gần đây,
Đặt lịch khám răng,
Gọi cho cô,
Phát nhạc jazz,
Dẫn đường đến nhà hàng,
Tra giá laptop,
Xem tin nhắn Facebook,
Đặt vé concert,
Tìm cách làm đẹp da,
Tạo câu hỏi về thương mại điện tử,
Sinh câu hỏi kiểm tra về React,
Cho tôi câu hỏi về du lịch Châu Âu,
Tạo câu hỏi trắc nghiệm môn sinh học,
Đưa ra câu hỏi về bất động sản,
Làm câu hỏi về nghệ thuật đương đại,
Tạo câu hỏi về trí tuệ cảm xúc,
Sinh câu hỏi thi thạc sĩ,
Cho tôi câu hỏi về nhạc cụ dân tộc,
Tạo câu hỏi ôn tập về địa lý 12,
Đánh giá câu trả lời có toàn diện không,
Kiểm tra câu trả lời có đúng format không,
Chấm điểm bài thi Olympic,
Xem câu trả lời có đủ thông tin không,
Review câu trả lời về độ phức tạp,
Đánh giá xem câu trả lời có dễ hiểu hay không,
Kiểm tra câu trả lời có lặp lại ý không,
Chấm bài đồ án này,
Xem câu trả lời này có ý nghĩa không,
Đánh giá mức độ sâu sắc của câu trả lời,
Tắt đèn,
Tìm spa gần đây,
Lên lịch họp phụ huynh,
Nhắn cho bạn,
Phát nhạc EDM,
Chỉ đường đến công viên,
Tra giá Samsung Galaxy,
Kiểm tra Instagram,
Đặt xe đi sân bay,
Tìm cách chăm sóc tóc,
Hãy tạo câu hỏi về kỹ năng lãnh đạo,
Sinh câu hỏi kiểm tra về Angular,
Cho tôi câu hỏi về ẩm thực Nhật Bản,
Tạo câu hỏi trắc nghiệm môn hóa học,
Đưa ra câu hỏi về thị trường chứng khoán,
Làm câu hỏi về nhiếp ảnh phóng sự,
Tạo câu hỏi về phát triển bền vững,
Sinh câu hỏi thi tiếng Anh B1,
Cho tôi câu hỏi về guitar,
Tạo câu hỏi ôn tập về vật lý 10,
Kiểm tra xem câu trả lời này có hay không,
Đánh giá câu trả lời về mặt ngữ pháp,
Chấm điểm bài thi học kỳ,
Xem câu trả lời có cần sửa gì không,
Review câu trả lời về tính khoa học,
Đánh giá xem câu trả lời có đầy đủ hay không,
Kiểm tra câu trả lời có rõ ràng không,
Chấm bài tiểu luận này,
Xem câu trả lời này có đúng không,
Đánh giá tính chính xác của câu trả lời,
Mở Spotify,
Tìm phòng tập gần đây,
Đặt lịch massage,
Gọi cho người yêu,
Phát podcast kinh tế,
Dẫn đường về quê,
Tra giá nhà Sài Gòn,
Xem thông báo Zalo,
Đặt tour Phú Quốc,
Tìm bài tập cardio,
Tạo ra câu hỏi về đạo đức nghề nghiệp,
Sinh câu hỏi kiểm tra về Node.js,
Cho tôi câu hỏi về văn hóa Hàn Quốc,
Tạo câu hỏi trắc nghiệm môn lý thuyết trò chơi,
Đưa ra câu hỏi về quản trị nhân sự,
Làm câu hỏi về điện ảnh Việt Nam,
Tạo câu hỏi về Internet of Things,
Sinh câu hỏi thi Cambridge,
Cho tôi câu hỏi về piano,
Tạo câu hỏi ôn tập về hóa học 11,
Đánh giá câu trả lời có chuyên sâu không,
Kiểm tra câu trả lời có lỗi sai nào không,
Chấm điểm bài kiểm tra 45 phút,
Xem câu trả lời có hợp lý không,
Review câu trả lời về độ chi tiết,
Đánh giá xem câu trả lời có logic hay không,
Kiểm tra câu trả lời có sai lệch không,
Chấm bài nghiên cứu này,
Xem câu trả lời này có tốt không,
Đánh giá chất lượng tổng thể của câu trả lời,
Tắt máy giặt,
Tìm salon tóc gần nhất,
Đặt lịch làm móng,
Nhắn tin cho đồng nghiệp,
Phát radio BBC,
Chỉ đường đến bảo tàng,
Tra giá vàng 9999,
Kiểm tra Messenger,
Đặt vé máy bay đi Bangkok,
Tìm công thức làm bánh flan,
Hãy cho tôi câu hỏi về kỹ năng thuyết trình,
Sinh câu hỏi kiểm tra về MongoDB,
Cho tôi câu hỏi về du lịch Đông Nam Á,
Tạo câu hỏi trắc nghiệm môn triết học,
Đưa ra câu hỏi về tiếp thị số,
Làm câu hỏi về nhiếp ảnh cưới,
Tạo câu hỏi về trí tuệ nhân tạo trong y tế,
Sinh câu hỏi thi TOPIK tiếng Hàn,
Cho tôi câu hỏi về trống dân gian,
Tạo câu hỏi ôn tập về sinh học 10,
Kiểm tra câu trả lời có đạt chuẩn không,
Đánh giá câu trả lời về tính nhất quán,
Chấm điểm bài thi tuyển sinh,
Xem câu trả lời có đủ ví dụ không,
Review câu trả lời về độ sâu,
Đánh giá xem câu trả lời có cấu trúc tốt không,
Kiểm tra câu trả lời có mâu thuẫn không,
Chấm bài khóa luận này,
Xem câu trả lời này có xuất sắc không,
Đánh giá độ hoàn chỉnh của câu trả lời,
Bật máy hút ẩm,
Tìm tiệm nail gần đây,
Đặt lịch tư vấn tâm lý,
Gửi email cho đối tác,
Phát nhạc bolero,
Dẫn đường đến thư viện,
Tra giá xe máy Honda,
Xem cuộc gọi nhớ,
Đặt khách sạn Nha Trang,
Tìm cách trị mụn,
Tạo câu hỏi về phân tích dữ liệu,
Sinh câu hỏi kiểm tra về Docker,
Cho tôi câu hỏi về ẩm thực Thái Lan,
Tạo câu hỏi trắc nghiệm môn tâm lý học,
Đưa ra câu hỏi về quản trị thương hiệu,
Làm câu hỏi về thiết kế nội thất,
Tạo câu hỏi về machine learning,
Sinh câu hỏi thi JLPT tiếng Nhật,
Cho tôi câu hỏi về sáo trúc,
Tạo câu hỏi ôn tập về toán học 11,
Đánh giá câu trả lời có ấn tượng hay không,
Kiểm tra câu trả lời có thiếu ví dụ không,
Chấm điểm và viết nhận xét,
Xem câu trả lời có rõ ràng mạch lạc không,
Review câu trả lời về tính thuyết phục,
query,
Tạo cho tôi 10 câu hỏi về lập trình Pascal,
Sinh câu hỏi trắc nghiệm về mảng trong Pascal,
Cho tôi vài câu hỏi về thuật toán sắp xếp,
Làm câu hỏi kiểm tra về vòng lặp for,
Tạo câu hỏi về cấu trúc dữ liệu ngăn xếp,
Sinh 5 câu hỏi về hàm trong Python,
Đưa ra câu hỏi về thuật toán tìm kiếm nhị phân,
Tạo câu hỏi thi học kỳ môn tin học 11,
Cho tôi câu hỏi về mạng máy tính,
Sinh câu hỏi ôn tập về đệ quy,
Đánh giá câu trả lời của học sinh,
Kiểm tra câu trả lời này có đúng không,
Chấm điểm câu trả lời,
Xem câu trả lời này được bao nhiêu điểm,
Đánh giá độ chính xác của câu trả lời,
Kiểm tra xem em trả lời đúng chưa,
Chấm bài làm tin học của học sinh,
Review câu trả lời này giúp tôi,
Câu trả lời này có chính xác không,
Đánh giá mức độ hoàn thiện của câu trả lời,
Viết chương trình tính giai thừa bằng Pascal,
Giải thích thuật toán Bubble Sort cho tôi,
Code Pascal tìm số nguyên tố,
Hướng dẫn cách sử dụng hàm trong Python,
Tạo file Excel quản lý điểm học sinh,
Giải bài toán này bằng Pascal,
Kể cho tôi nghe về lịch sử máy tính,
Làm bài tập về mảng 2 chiều,
Tính độ phức tạp của thuật toán này,
Viết một bài văn về công nghệ thông tin,
Hãy tạo câu hỏi về câu lệnh if-else trong Pascal,
Cho tôi một số câu hỏi liên quan đến SQL cơ bản,
Sinh câu hỏi kiểm tra về biến và kiểu dữ liệu,
Tạo câu hỏi trắc nghiệm về thuật toán tìm kiếm,
Đưa ra câu hỏi về cấu trúc mảng,
Làm câu hỏi về giao thức TCP/IP,
Tạo 3 câu hỏi về Excel cơ bản,
Sinh câu hỏi thi cuối kỳ tin học 10,
Cho tôi câu hỏi về thuật toán đệ quy,
Tạo câu hỏi ôn thi đại học môn tin,
Xem câu trả lời của em đúng không,
Đánh giá bài làm tin học này,
Kiểm tra độ chính xác code Pascal,
Chấm câu trả lời giúp tôi,
Review câu trả lời xem được mấy điểm,
Đánh giá xem code có chạy đúng không,
Kiểm tra câu trả lời có phù hợp không,
Chấm bài kiểm tra tin học này,
Xem câu trả lời này có hay không,
Đánh giá chất lượng code Pascal,
Debug đoạn code Pascal này,
Tìm lỗi trong chương trình Python,
Giải thích sự khác biệt giữa while và for,
Chuyển code Pascal sang Python,
Tạo sơ đồ khối cho thuật toán này,
Viết hàm tìm ƯCLN trong Pascal,
Hướng dẫn cách dùng hàm IF trong Excel,
Tạo slide PowerPoint về lịch sử tin học,
Viết chương trình nhập xuất mảng,
Giải thích con trỏ trong Pascal,
Hãy tạo cho tôi các câu hỏi về thuật toán QuickSort,
Sinh câu hỏi kiểm tra về chuỗi trong Pascal,
Cho tôi câu hỏi về cơ sở dữ liệu Access,
Tạo câu hỏi trắc nghiệm về địa chỉ IP,
Đưa ra câu hỏi về hàm và thủ tục trong Pascal,
Làm câu hỏi kiểm tra về Python list,
Tạo câu hỏi về thuật toán tham lam,
Sinh câu hỏi thi giữa kỳ tin học 12,
Cho tôi câu hỏi về mô hình OSI,
Tạo câu hỏi ôn tập về file trong Pascal,
Kiểm tra xem câu trả lời này có sai sót gì không,
Đánh giá câu trả lời về thuật toán,
Chấm điểm bài làm tin học này giúp tôi,
Xem câu trả lời có đầy đủ không,
Review độ chính xác của code,
Đánh giá xem code có tối ưu không,
Kiểm tra câu trả lời có thiếu bước nào không,
Chấm bài tập Pascal về nhà này,
Xem câu trả lời này có logic không,
Đánh giá mức độ chi tiết của lời giải,
Viết chương trình sắp xếp mảng tăng dần,
Giải thích cách hoạt động của bộ nhớ cache,
Tạo database quản lý thư viện trong Access,
Code thuật toán Dijkstra bằng Pascal,
Hướng dẫn cách dùng hàm VLOOKUP trong Excel,
Vẽ sơ đồ mạng LAN cho trường học,
Viết chương trình kiểm tra số hoàn hảo,
Giải thích khái niệm lập trình hướng đối tượng,
Tạo bài thuyết trình PowerPoint về AI,
Code chương trình giải phương trình bậc 2,
Tạo ra câu hỏi về cấu trúc rẽ nhánh,
Sinh câu hỏi kiểm tra về dictionary trong Python,
Cho tôi câu hỏi về subnet mask,
Tạo câu hỏi trắc nghiệm về thuật toán Merge Sort,
Đưa ra câu hỏi về record trong Pascal,
Làm câu hỏi về bảng pivot trong Excel,
Tạo câu hỏi về giao thức HTTP,
Sinh câu hỏi thi Olympic tin học,
Cho tôi câu hỏi về thuật toán quy hoạch động,
Tạo câu hỏi ôn tập về pointer,
Đánh giá câu trả lời có logic chặt chẽ không,
Kiểm tra câu trả lời về thuật toán có đạt yêu cầu không,
Chấm điểm và nhận xét bài code,
Xem code này được bao nhiêu phần trăm,
Review câu trả lời về mặt thuật toán,
Đánh giá xem code có tối ưu bộ nhớ không,
Kiểm tra code có dễ đọc không,
Chấm bài kiểm tra 15 phút tin học,
Xem câu trả lời này có ấn tượng không,
Đánh giá tính đúng đắn của thuật toán,
Giải bài toán dãy Fibonacci bằng đệ quy,
Viết chương trình quản lý sinh viên,
Tạo biểu đồ trong Excel từ dữ liệu,
Code thuật toán tìm đường đi ngắn nhất,
Giải thích sự khác biệt Pascal và Python,
Viết hàm kiểm tra chuỗi palindrome,
Hướng dẫn cách tạo form trong Access,
Tạo macro trong Excel tự động tính điểm,
Viết chương trình chơi game đoán số,
Giải thích cách thức hoạt động của router,
Hãy cho tôi câu hỏi về mảng động trong Pascal,
Sinh câu hỏi kiểm tra về tuple trong Python,
Cho tôi câu hỏi về mô hình client-server,
Tạo câu hỏi trắc nghiệm về thuật toán BFS,
Đưa ra câu hỏi về xử lý file text,
Làm câu hỏi về hàm COUNT trong Excel,
Tạo câu hỏi về mạng không dây WiFi,
Sinh câu hỏi thi HSG tin học cấp tỉnh,
Cho tôi câu hỏi về cây nhị phân,
Tạo câu hỏi ôn tập về con trỏ trong Pascal,
Kiểm tra code Pascal có chạy đúng không,
Đánh giá câu trả lời về độ phức tạp thuật toán,
Chấm điểm bài thi cuối kỳ tin học,
Xem code có cần tối ưu gì không,
Review câu trả lời về syntax,
Đánh giá xem thuật toán có hiệu quả không,
Kiểm tra code có lỗi runtime không,
Chấm bài tập lớn tin học này,
Xem giải thuật này đạt tiêu chuẩn chưa,
Đánh giá tính đúng đắn của code,
Viết chương trình tính tổng các số nguyên tố,
Tạo cơ sở dữ liệu quản lý bán hàng,
Code thuật toán tháp Hà Nội,
Giải thích sự khác biệt giữa stack và queue,
Viết hàm tìm số lớn nhất trong mảng,
Hướng dẫn mail merge trong Word,
Tạo biểu đồ tròn trong PowerPoint,
Viết chương trình đếm từ trong chuỗi,
Giải thích cách thức mã hóa dữ liệu,
Code game rắn săn mồi đơn giản,
Tạo câu hỏi về vòng lặp while trong Pascal,
Sinh câu hỏi kiểm tra về set trong Python,
Cho tôi câu hỏi về địa chỉ MAC,
Tạo câu hỏi trắc nghiệm về thuật toán DFS,
Đưa ra câu hỏi về string trong Pascal,
Làm câu hỏi về hàm SUM trong Excel,
Tạo câu hỏi về giao thức FTP,
Sinh câu hỏi thi học sinh giỏi tin học,
Cho tôi câu hỏi về đồ thị có hướng,
Tạo câu hỏi ôn tập về kiểu dữ liệu trong Pascal,
Đánh giá code có tuân thủ coding convention không,
Kiểm tra câu trả lời về cấu trúc dữ liệu đúng chưa,
Chấm điểm và phân loại bài làm,
Xem code có cần refactor không,
Review câu trả lời về độ phức tạp thời gian,
Đánh giá xem thuật toán có đúng không,
Kiểm tra code có lỗi logic không,
Chấm bài seminar tin học này,
Xem code này có chất lượng không,
Đánh giá độ tối ưu của giải thuật,
Viết chương trình chuyển đổi số sang nhị phân,
Giải thích cách hoạt động của DNS,
Tạo query SELECT trong SQL,
Code thuật toán tìm kiếm tuyến tính,
Hướng dẫn format văn bản trong Word,
Viết hàm tính lũy thừa bằng đệ quy,
Tạo animation trong PowerPoint,
Viết chương trình sắp xếp chèn,
Giải thích khái niệm big O notation,
Code chương trình tính diện tích hình học,
Hãy tạo câu hỏi về procedure trong Pascal,
Sinh câu hỏi kiểm tra về class trong Python,
Cho tôi câu hỏi về phân lớp mạng,
Tạo câu hỏi trắc nghiệm về cây AVL,
Đưa ra câu hỏi về array 2D trong Pascal,
Làm câu hỏi về hàm IF lồng nhau trong Excel,
Tạo câu hỏi về email và SMTP,
Sinh câu hỏi thi vào lớp 10 chuyên tin,
Cho tôi câu hỏi về thuật toán Kruskal,
Tạo câu hỏi ôn tập về boolean trong Pascal,
Kiểm tra xem code có chạy đúng thuật toán không,
Đánh giá câu trả lời về độ hiệu quả,
Chấm điểm bài thi thử tin học,
Xem code có handle edge case không,
Review câu trả lời về tính đúng đắn,
Đánh giá xem code có bug không,
Kiểm tra câu trả lời có đầy đủ test case không,
Chấm bài thực hành lập trình này,
Xem code này đủ tiêu chuẩn chưa,
Đánh giá tính chính xác của thuật toán,
Viết chương trình đảo ngược chuỗi,
Tạo bảng tính lương trong Excel,
Code thuật toán sàng Eratosthenes,
Giải thích cách thức hoạt động của firewall,
Viết hàm kiểm tra năm nhuận,
Hướng dẫn tạo mục lục tự động trong Word,
Tạo template slide PowerPoint,
Viết chương trình tính tổ hợp chập k,
Giải thích sự khác biệt LAN và WAN,
Code chương trình mô phỏng ATM,
Tạo ra một số câu hỏi về sort algorithm,
Sinh câu hỏi kiểm tra về for loop Python,
Cho tôi câu hỏi về gateway mạng,
Tạo câu hỏi trắc nghiệm về linked list,
Đưa ra câu hỏi về record type Pascal,
Làm câu hỏi về conditional formatting Excel,
Tạo câu hỏi về SSL và HTTPS,
Sinh câu hỏi thi đầu vào lớp 10 tin học,
Cho tôi câu hỏi về hash table,
Tạo câu hỏi ôn tập về function Pascal,
Đánh giá code có clean code không,
Kiểm tra câu trả lời về database normalization đúng không,
Chấm điểm bài kiểm tra giữa kỳ tin,
Xem code có memory leak không,
Review câu trả lời về space complexity,
Đánh giá xem SQL query có tối ưu không,
Kiểm tra code có xử lý exception không,
Chấm bài báo cáo tin học này,
Xem thuật toán này có giá trị không,
Đánh giá độ phức tạp không gian,
Viết chương trình tìm BCNN của hai số,
Tạo form đăng ký trong Access,
Code thuật toán Floyd-Warshall,
Giải thích cách thức hoạt động của VPN,
Viết hàm đệ quy tính Fibonacci,
Hướng dẫn tracking changes trong Word,
Tạo interactive quiz trong PowerPoint,
Viết chương trình kiểm tra số Armstrong,
Giải thích khái niệm bandwidth,
Code chương trình quản lý thư viện,
Hãy cho tôi câu hỏi về array passing Pascal,
Sinh câu hỏi kiểm tra về lambda Python,
Cho tôi câu hỏi về DHCP server,
Tạo câu hỏi trắc nghiệm về binary search tree,
Đưa ra câu hỏi về text file handling Pascal,
Làm câu hỏi về data validation Excel,
Tạo câu hỏi về cloud computing cơ bản,
Sinh câu hỏi thi chọn HSG quốc gia tin,
Cho tôi câu hỏi về graph traversal,
Tạo câu hỏi ôn tập về enumeration Pascal,
Kiểm tra code có follow DRY principle không,
Đánh giá câu trả lời về normalization đúng không,
Chấm điểm và xếp hạng bài code,
Xem code có scalable không,
Review câu trả lời về worst case scenario,
Đánh giá xem code có maintainable không,
Kiểm tra code có security issues không,
Chấm bài đồ án tin học này,
Xem code này có professional không,
Đánh giá tính robust của code,
Viết chương trình tìm phần tử lặp lại,
Tạo dashboard trong Excel với chart,
Code thuật toán Bellman-Ford,
Giải thích sự khác biệt TCP và UDP,
Viết hàm tính giai thừa có memoization,
Hướng dẫn compare documents trong Word,
Tạo master slide trong PowerPoint,
Viết chương trình kiểm tra dãy con tăng,
Giải thích cách thức NAT hoạt động,
Code game tic-tac-toe console,
Tạo câu hỏi về scope variable Pascal,
Sinh câu hỏi kiểm tra về list comprehension Python,
Cho tôi câu hỏi về DNS resolution,
Tạo câu hỏi trắc nghiệm về heap data structure,
Đưa ra câu hỏi về type casting Pascal,
Làm câu hỏi về array formula Excel,
Tạo câu hỏi về IoT và sensors,
Sinh câu hỏi Olympic tin học Châu Á,
Cho tôi câu hỏi về minimum spanning tree,
Tạo câu hỏi ôn tập về set type Pascal,
Đánh giá code có readable không,
Kiểm tra câu trả lời về indexing database đúng chưa,
Chấm điểm bài thi Olympic tin,
Xem code có handle concurrency không,
Review câu trả lời về best case performance,
Đánh giá xem query có avoid N+1 problem không,
Kiểm tra code có proper naming convention không,
Chấm bài nghiên cứu thuật toán này,
Xem code này có enterprise-ready không,
Đánh giá performance bottleneck của code,
Viết chương trình tìm chuỗi con chung dài nhất,
Tạo macro VBA trong Excel,
Code thuật toán A* pathfinding,
Giải thích cách thức packet switching,
Viết hàm binary search đệ quy,
Hướng dẫn mail merge với Excel data,
Tạo transition effects trong PowerPoint,
Viết chương trình giải bài toán ba lô,
Giải thích khái niệm latency và throughput,
Code chương trình quản lý kho hàng,
Hãy tạo câu hỏi về operator precedence Pascal,
Sinh câu hỏi kiểm tra về decorator Python,
Cho tôi câu hỏi về routing protocol,
Tạo câu hỏi trắc nghiệm về red-black tree,
Đưa ra câu hỏi về unit Pascal programming,
Làm câu hỏi về power query Excel,
Tạo câu hỏi về cybersecurity basics,
Sinh câu hỏi thi ACM ICPC regional,
Cho tôi câu hỏi về topological sort,
Tạo câu hỏi ôn tập về dynamic array Pascal,
Kiểm tra xem code có memory efficient không,
Đánh giá câu trả lời về query optimization đúng không,
Chấm điểm bài thi học kỳ tin học,
Xem code có thread-safe không,
Review câu trả lời về average case complexity,
Đánh giá xem code có testable không,
Kiểm tra code có proper error handling không,
Chấm bài tiểu luận thuật toán này,
Xem code này có production-ready không,
Đánh giá code smell và anti-patterns,
Viết chương trình đếm số lần xuất hiện phần tử,
Tạo pivot table trong Excel,
Code thuật toán Prim's algorithm,
Giải thích cách thức load balancing,
Viết hàm merge hai mảng đã sắp xếp,
Hướng dẫn create table of contents Word,
Tạo embedded video trong PowerPoint,
Viết chương trình tìm đường đi Euler,
Giải thích khái niệm CDN hoạt động,
Code chương trình mô phỏng bãi đỗ xe,
Tạo ra câu hỏi về exception handling Pascal,
Sinh câu hỏi kiểm tra về generator Python,
Cho tôi câu hỏi về VLAN configuration,
Tạo câu hỏi trắc nghiệm về trie data structure,
Đưa ra câu hỏi về generic types Pascal,
Làm câu hỏi về what-if analysis Excel,
Tạo câu hỏi về machine learning basics,
Sinh câu hỏi thi Codeforces style,
Cho tôi câu hỏi về network flow algorithms,
Tạo câu hỏi ôn tập về interface Pascal,
Đánh giá code có follow SOLID principles không,
Kiểm tra câu trả lời về transaction isolation đúng không,
Chấm điểm bài thi thử Olympic tin,
Xem code có avoid race condition không,
Review câu trả lời về amortized complexity,
Đánh giá xem architecture có scalable không,
Kiểm tra code có proper documentation không,
Chấm bài khóa luận tin học này,
Xem code này có industry standard không,
Đánh giá technical debt trong code,
Viết chương trình kiểm tra biểu thức ngoặc,
Tạo conditional formatting rules Excel,
Code thuật toán Huffman encoding,
Giải thích cách thức content delivery network,
Viết hàm quick select algorithm,
Hướng dẫn cross-reference trong Word,
Tạo custom animation timeline PowerPoint,
Viết chương trình tìm chu trình Hamilton,
Giải thích khái niệm QoS networking,
Code chương trình đặt phòng khách sạn,
Hãy cho tôi câu hỏi về inline assembly Pascal,
Sinh câu hỏi kiểm tra về asyncio Python,
Cho tôi câu hỏi về BGP protocol,
Tạo câu hỏi trắc nghiệm về B-tree structure,
Đưa ra câu hỏi về object Pascal OOP,
Làm câu hỏi về solver add-in Excel,
Tạo câu hỏi về blockchain technology,
Sinh câu hỏi thi Google Code Jam,
Cho tôi câu hỏi về strongly connected components,
Tạo câu hỏi ôn tập về multithreading Pascal,
Kiểm tra code có low coupling high cohesion không,
Đánh giá câu trả lời về ACID properties đúng không,
Chấm điểm bài thi chọn đội tuyển tin,
Xem code có proper separation of concerns không,
Review câu trả lời về cache complexity,
Đánh giá xem design pattern có appropriate không,
Kiểm tra code có code coverage adequate không,
Chấm bài nghiên cứu khoa học tin học này,
Xem code này có enterprise architecture không,
Đánh giá maintainability index của code,
